,State/UT,District,Households_Rural,Households_Rural_Livable,Households_Rural_Dilapidated,Households_Rural_Latrine_premise,Population_x,Households_Urban,Households_Urban_Livable,Households_Urban_Dilapidated,Households_Urban_Latrine_premise,Population_y
0,Jammu and Kashmir,Kupwara,158438.0,92052,13150,77476,870354.0,23226.0,11496,1114,16304,870354.0
1,Jammu and Kashmir,Badgam,160649.0,74380,6265,133820,753745.0,27190.0,9190,706,24579,753745.0
2,Laddakh,Leh(Ladakh),36920.0,19013,775,32526,133487.0,17474.0,9540,192,16740,133487.0
3,Laddakh,Kargil,40370.0,29591,1412,39078,140802.0,7774.0,5348,93,7579,140802.0
4,Jammu and Kashmir,Punch,132139.0,78622,3171,18103,476835.0,15269.0,4168,122,11497,476835.0
5,Jammu and Kashmir,Rajouri,196070.0,103721,5293,19999,642415.0,17508.0,3256,297,14969,642415.0
6,Jammu and Kashmir,Kathua,181374.0,66564,6348,25755,616435.0,33473.0,9037,1037,22460,616435.0
7,Jammu and Kashmir,Baramula,210543.0,97060,11158,156433,1008039.0,48932.0,16636,2446,45262,1008039.0
8,Jammu and Kashmir,Bandipore,80521.0,43239,5958,56445,392232.0,17555.0,5442,754,16554,392232.0
9,Jammu and Kashmir,Srinagar,4518.0,1734,284,4007,1236829.0,257721.0,59791,5669,252824,1236829.0
10,Jammu and Kashmir,Ganderbal,63788.0,30235,6059,44332,297446.0,13558.0,2982,610,12378,297446.0
11,Jammu and Kashmir,Pulwama,147520.0,63433,6785,92495,560440.0,21703.0,9202,651,19771,560440.0
12,Jammu and Kashmir,Shupiyan,75616.0,25104,4461,44613,266215.0,5272.0,1813,173,4997,266215.0
13,Jammu and Kashmir,Anantnag,207067.0,89660,10560,105190,1078692.0,70666.0,20139,2190,53352,1078692.0
14,Jammu and Kashmir,Kulgam,95952.0,47016,4509,40011,424483.0,25178.0,10574,1057,14729,424483.0
15,Jammu and Kashmir,Doda,122267.0,73360,1956,29344,409936.0,11350.0,2689,329,10600,409936.0
16,Jammu and Kashmir,Ramban,84281.0,43404,1769,15002,283713.0,5341.0,1030,128,4417,283713.0
17,Jammu and Kashmir,Kishtwar,72378.0,37636,2460,14475,230696.0,5993.0,809,41,5597,230696.0
18,Jammu and Kashmir,Udhampur,148664.0,66452,2973,11001,554985.0,34696.0,5898,624,26056,554985.0
19,Jammu and Kashmir,Reasi,95572.0,52469,1433,8601,314667.0,12261.0,4843,134,9661,314667.0
20,Jammu and Kashmir,Jammu,254566.0,97753,12473,62623,1529958.0,248043.0,56057,8433,210588,1529958.0
21,Jammu and Kashmir,Samba,94247.0,28745,3110,24504,318898.0,19989.0,3558,219,14132,318898.0
22,Himachal Pradesh,Chamba,186395.0,70830,4287,90960,519080.0,13836.0,2573,96,12037,519080.0
23,Himachal Pradesh,Kangra,588321.0,148845,8236,378878,1510075.0,39007.0,7411,624,32102,1510075.0
24,Himachal Pradesh,Lahul And Spiti,17434.0,5875,139,13615,31564.0,,,,,
25,Himachal Pradesh,Kullu,167995.0,46198,2015,91053,437903.0,20709.0,3189,269,18762,437903.0
26,Himachal Pradesh,Mandi,431129.0,120716,6898,353525,999777.0,31696.0,5483,221,29160,999777.0
27,Himachal Pradesh,Hamirpur,196116.0,42361,1961,174739,454768.0,15232.0,2619,91,14059,454768.0
28,Himachal Pradesh,Una,185091.0,46828,2591,108833,521173.0,20126.0,4910,966,15013,521173.0
29,Himachal Pradesh,Bilaspur,152458.0,41011,1981,104891,381956.0,11987.0,2025,95,11207,381956.0
30,Himachal Pradesh,Solan,192787.0,47232,3662,133023,580320.0,51509.0,9632,721,46255,580320.0
31,Himachal Pradesh,Sirmaur,171102.0,52870,4790,97357,529855.0,21054.0,4147,210,20232,529855.0
32,Himachal Pradesh,Shimla,279269.0,68141,6423,167002,814010.0,95896.0,17357,1246,86977,814010.0
33,Himachal Pradesh,Kinnaur,44514.0,13042,445,30803,84121.0,,,,,
34,Punjab,Gurdaspur,420860.0,207904,37877,210850,2298323.0,185488.0,76235,9645,158777,2298323.0
35,Punjab,Kapurthala,165433.0,68489,10091,128045,815168.0,95770.0,30646,3926,90119,815168.0
36,Punjab,Jalandhar,330339.0,154268,20481,251057,2193590.0,377791.0,143938,18133,361923,2193590.0
37,Punjab,Hoshiarpur,422673.0,173295,27473,240923,1586625.0,128592.0,44107,6301,114318,1586625.0
38,Punjab,Shahid Bhagat Singh Nagar,183168.0,73450,9891,122356,612310.0,48383.0,17417,3144,41173,612310.0
39,Punjab,Fatehgarh Sahib,117559.0,45965,7523,96986,600163.0,57337.0,20239,2580,53839,600163.0
40,Punjab,Ludhiana,395032.0,178159,28047,345653,3498739.0,641789.0,262491,31447,621893,3498739.0
41,Punjab,Moga,214295.0,96861,15857,183007,995746.0,74144.0,25802,4967,70214,995746.0
42,Punjab,Firozpur,348522.0,177397,37640,232115,2029074.0,153868.0,63239,10924,139558,2029074.0
43,Punjab,Muktsar,149507.0,78939,15997,108093,901896.0,74650.0,30083,6793,67035,901896.0
44,Punjab,Faridkot,99946.0,48973,7695,80056,617508.0,58917.0,23802,4772,54674,617508.0
45,Punjab,Bathinda,218159.0,111479,16143,183908,1388525.0,137563.0,44570,7428,128071,1388525.0
46,Punjab,Mansa,145603.0,67705,10483,91584,769751.0,50786.0,17318,2996,43168,769751.0
47,Punjab,Patiala,299279.0,143653,21248,231342,1895686.0,218090.0,70224,9159,211329,1895686.0
48,Punjab,Amritsar,275477.0,152063,21487,167490,2490656.0,385476.0,163827,20815,360034,2490656.0
49,Punjab,Tarn Taran,222717.0,124053,18040,144320,1119627.0,44457.0,19383,3156,38988,1119627.0
50,Punjab,Rupnagar,148162.0,52745,8889,84304,684627.0,60537.0,16708,3026,55512,684627.0
51,Punjab,Sahibzada Ajit Singh Nagar,117293.0,50670,8562,71196,994628.0,174042.0,41247,6613,160814,994628.0
52,Punjab,Sangrur,292156.0,133515,17821,229634,1655169.0,156788.0,53935,7369,144244,1655169.0
53,Punjab,Barnala,102577.0,50980,6667,82266,595527.0,54222.0,22231,3199,48908,595527.0
54,Chandigarh,Chandigarh,8911.0,4179,249,7841,1055450.0,289456.0,76995,10130,253563,1055450.0
55,Uttarakhand,Uttarkashi,112148.0,30279,3364,44298,330086.0,9061.0,1440,72,8290,330086.0
56,Uttarakhand,Chamoli,163434.0,42983,4085,76813,391605.0,22906.0,2657,206,20042,391605.0
57,Uttarakhand,Rudraprayag,112705.0,22315,2141,57479,242285.0,4454.0,432,13,4079,242285.0
58,Uttarakhand,Tehri Garhwal,227059.0,62668,6357,113756,618931.0,27177.0,2880,190,26062,618931.0
59,Uttarakhand,Dehradun,228245.0,60941,8901,170270,1696694.0,269393.0,54956,6465,256462,1696694.0
60,Uttarakhand,Garhwal,279682.0,70200,5034,135086,687271.0,36780.0,5296,404,34830,687271.0
61,Uttarakhand,Pithoragarh,183687.0,46656,4224,88169,483439.0,26256.0,2599,131,25337,483439.0
62,Uttarakhand,Bageshwar,96031.0,24103,2784,51376,259898.0,3880.0,353,34,3492,259898.0
63,Uttarakhand,Almora,260056.0,62673,4420,134188,622506.0,21082.0,3056,274,19374,622506.0
64,Uttarakhand,Champawat,85202.0,34336,5112,34421,259648.0,12839.0,3607,757,10258,259648.0
65,Uttarakhand,Nainital,193086.0,61208,9847,134001,954605.0,105577.0,20904,3167,100086,954605.0
66,Uttarakhand,Udham Singh Nagar,269406.0,123657,18050,153292,1648902.0,145253.0,52872,5810,133632,1648902.0
67,Uttarakhand,Hardwar,301828.0,145782,15996,151517,1890422.0,186183.0,47104,4096,172405,1890422.0
68,Haryana,Panchkula,70895.0,24955,3473,31193,561293.0,93656.0,21259,4401,82042,561293.0
69,Haryana,Ambala,175365.0,77511,7540,89611,1128350.0,139891.0,39729,4616,124922,1128350.0
70,Haryana,Yamunanagar,214464.0,101012,13725,98653,1214205.0,143259.0,48564,5730,131655,1214205.0
71,Haryana,Kurukshetra,203553.0,93634,8752,140655,964655.0,88268.0,26127,3089,81559,964655.0
72,Haryana,Kaithal,231091.0,112079,11092,133339,1074304.0,75696.0,27931,3103,62600,1074304.0
73,Haryana,Karnal,292682.0,139023,14341,200779,1505324.0,135920.0,39824,3533,124502,1505324.0
74,Haryana,Panipat,173502.0,82586,7287,115725,1205437.0,153804.0,59983,4460,145959,1205437.0
75,Haryana,Sonipat,283858.0,142496,13341,159528,1450001.0,133576.0,47553,4541,123157,1450001.0
76,Haryana,Jind,278335.0,142229,13916,142785,1334152.0,89665.0,30396,2510,78546,1334152.0
77,Haryana,Fatehabad,203020.0,94201,11572,148001,942011.0,55360.0,18711,2712,50322,942011.0
78,Haryana,Sirsa,245476.0,102363,14483,214791,1295189.0,93316.0,30794,3825,89490,1295189.0
79,Haryana,Hisar,302013.0,140436,16610,188758,1743931.0,154113.0,49624,5085,137931,1743931.0
80,Haryana,Bhiwani,357047.0,163884,18923,175667,1634445.0,99235.0,41281,4366,86135,1634445.0
81,Haryana,Rohtak,175203.0,86375,8234,102318,1061204.0,131739.0,43869,3556,121331,1061204.0
82,Haryana,Jhajjar,211816.0,95529,10378,123912,958405.0,78328.0,32036,3524,71826,958405.0
83,Haryana,Mahendragarh,223726.0,94188,6935,87253,922088.0,44216.0,16448,1238,34134,922088.0
84,Haryana,Rewari,199449.0,83170,6581,99325,900332.0,69305.0,21484,1663,60849,900332.0
85,Haryana,Gurgaon,141703.0,55689,4534,92957,1514432.0,381988.0,104664,14897,350282,1514432.0
86,Haryana,Mewat,187398.0,109440,16865,33356,1089263.0,36237.0,14929,1739,22648,1089263.0
87,Haryana,Faridabad,87700.0,37886,3771,51392,1809733.0,382981.0,149745,9191,341619,1809733.0
88,Haryana,Palwal,186069.0,95081,11722,59728,1042708.0,63090.0,22838,2271,52238,1042708.0
89,Delhi,North West,67592.0,31497,3041,43326,3656539.0,959275.0,329990,31656,824017,3656539.0
90,Delhi,North,4512.0,1141,40,4421,887978.0,296559.0,110023,10379,266606,887978.0
91,Delhi,North East,5326.0,1938,149,5059,2241624.0,482255.0,171682,9645,458624,2241624.0
92,Delhi,East,1086.0,72,13,1065,1709346.0,461132.0,111593,8761,430697,1709346.0
93,Delhi,West,1809.0,873,32,1575,2543243.0,699703.0,201514,19591,629032,2543243.0
94,Delhi,South West,41179.0,14618,1358,36113,2292958.0,606503.0,168001,15769,553130,2292958.0
95,Delhi,South,2918.0,1205,134,2643,2731929.0,728145.0,220627,21116,640767,2731929.0
96,Rajasthan,Ganganagar,397697.0,167430,9942,323327,1969168.0,164897.0,53096,5441,154343,1969168.0
97,Rajasthan,Hanumangarh,389059.0,143173,9337,320195,1774692.0,108694.0,34999,3369,102063,1774692.0
98,Rajasthan,Bikaner,335754.0,169891,16451,99047,2363937.0,196179.0,53556,3335,181661,2363937.0
99,Rajasthan,Churu,344897.0,135199,20004,162101,2039547.0,148996.0,45294,3277,130371,2039547.0
100,Rajasthan,Jhunjhunun,500452.0,122110,12010,228706,2137045.0,150357.0,38190,2706,124044,2137045.0
101,Rajasthan,Alwar,782294.0,309006,28162,115779,3674179.0,212967.0,61334,3407,168882,3674179.0
102,Rajasthan,Bharatpur,,,,,2548462.0,129697.0,54472,3112,90139,2548462.0
103,Rajasthan,Dhaulpur,214670.0,125367,14168,10304,1206516.0,58626.0,23333,2051,36817,1206516.0
104,Rajasthan,Karauli,305047.0,190349,17082,25013,1458248.0,59308.0,24612,1838,37008,1458248.0
105,Rajasthan,Sawai Madhopur,282057.0,155695,12410,24821,1335551.0,71264.0,24799,1852,51452,1335551.0
106,Rajasthan,Dausa,361084.0,170070,19137,33580,1634409.0,59610.0,15975,834,45899,1634409.0
107,Rajasthan,Jaipur,754841.0,321562,31703,166065,6626178.0,977838.0,264994,11734,886899,6626178.0
108,Rajasthan,Sikar,527560.0,165653,14771,212079,2677333.0,178274.0,47955,2852,150998,2677333.0
109,Rajasthan,Nagaur,675712.0,313530,42569,179063,3307743.0,166489.0,53276,3995,134190,3307743.0
110,Rajasthan,Jodhpur,584215.0,289186,30379,80037,3687165.0,307442.0,79320,5226,277005,3687165.0
111,Rajasthan,Jaisalmer,159117.0,89264,5091,26572,669919.0,30830.0,12455,524,20501,669919.0
112,Rajasthan,Barmer,542825.0,322438,28769,52654,2603751.0,55980.0,16234,1399,46351,2603751.0
113,Rajasthan,Jalor,419216.0,218411,35214,47371,1828730.0,48202.0,17593,1928,29837,1828730.0
114,Rajasthan,Sirohi,238535.0,121175,16458,38642,1036346.0,69639.0,18663,1323,47493,1036346.0
115,Rajasthan,Pali,512909.0,256967,27697,95913,2037573.0,139808.0,46416,3495,96607,2037573.0
116,Rajasthan,Ajmer,409335.0,204258,13917,57716,2583052.0,274919.0,76702,3024,236980,2583052.0
117,Rajasthan,Tonk,298911.0,161710,5679,20624,1421326.0,81755.0,29677,2043,53713,1421326.0
118,Rajasthan,Bundi,239836.0,135027,8154,19906,1110906.0,63452.0,21319,1269,40736,1110906.0
119,Rajasthan,Bhilwara,530015.0,294158,19080,55651,2408523.0,145865.0,43905,1896,108961,2408523.0
120,Rajasthan,Rajsamand,304622.0,166323,12794,34422,1156597.0,61054.0,18865,610,43592,1156597.0
121,Rajasthan,Dungarpur,322816.0,200468,20014,29376,1388552.0,31547.0,8076,662,23376,1388552.0
122,Rajasthan,Banswara,390437.0,267839,35529,26940,1797485.0,39407.0,9260,906,32510,1797485.0
123,Rajasthan,Chittaurgarh,366780.0,201362,13204,35210,1544338.0,88873.0,23817,1599,64432,1544338.0
124,Rajasthan,Kota,203454.0,94199,5696,25024,1951014.0,311735.0,91338,5922,239412,1951014.0
125,Rajasthan,Baran,249184.0,126336,7724,18688,1222755.0,69804.0,24361,1396,39997,1222755.0
126,Rajasthan,Jhalawar,298624.0,178278,12840,21500,1411129.0,63763.0,19128,1339,42657,1411129.0
127,Rajasthan,Udaipur,665449.0,399934,25287,61886,3068420.0,182769.0,40209,2193,157546,3068420.0
128,Rajasthan,Pratapgarh,209813.0,132601,5245,13008,867848.0,24269.0,5824,339,17012,867848.0
129,Uttar Pradesh,Saharanpur,605082.0,281363,34489,259580,3466382.0,284156.0,105990,8808,261423,3466382.0
130,Uttar Pradesh,Muzaffarnagar,673746.0,338220,30992,369886,4143512.0,296104.0,118441,9475,274192,4143512.0
131,Uttar Pradesh,Bijnor,683875.0,359718,37613,344673,3682713.0,224648.0,95924,7188,207574,3682713.0
132,Uttar Pradesh,Moradabad,692398.0,439672,41543,330966,4772006.0,355518.0,164249,11376,332764,4772006.0
133,Uttar Pradesh,Rampur,396775.0,257506,24600,223781,2335819.0,143217.0,69460,5585,135053,2335819.0
134,Uttar Pradesh,Jyotiba Phule Nagar,335888.0,203212,19817,135362,1840221.0,115486.0,58551,4619,106247,1840221.0
135,Uttar Pradesh,Meerut,381520.0,190378,15642,202587,3443689.0,422303.0,151606,8868,392319,3443689.0
136,Uttar Pradesh,Baghpat,246055.0,128686,7873,144680,1303048.0,69991.0,32545,2169,60542,1303048.0
137,Uttar Pradesh,Ghaziabad,355407.0,180191,12794,212533,4681645.0,836316.0,285183,15053,792827,4681645.0
138,Uttar Pradesh,Gautam Buddha Nagar,170835.0,72263,4100,88321,1648115.0,338935.0,95240,4406,310125,1648115.0
139,Uttar Pradesh,Bulandshahr,658449.0,370706,28313,203460,3499171.0,221628.0,95964,6205,188383,3499171.0
140,Uttar Pradesh,Aligarh,582117.0,330060,25031,124573,3673889.0,275942.0,116999,7450,232895,3673889.0
141,Uttar Pradesh,Mahamaya Nagar,288150.0,158770,12102,47544,1564708.0,84883.0,39385,2716,61709,1564708.0
142,Uttar Pradesh,Mathura,407488.0,217191,16299,79867,2547184.0,177802.0,72009,4089,144375,2547184.0
143,Uttar Pradesh,Agra,496971.0,262897,21369,82497,4418797.0,406852.0,155417,7730,333618,4418797.0
144,Uttar Pradesh,Firozabad,349747.0,201454,23433,39871,2498156.0,185621.0,96708,7424,152394,2498156.0
145,Uttar Pradesh,Mainpuri,338475.0,180745,25385,45694,1868529.0,72783.0,30277,3202,54878,1868529.0
146,Uttar Pradesh,Budaun,710956.0,464965,57587,149300,3681896.0,156668.0,81154,9870,121417,3681896.0
147,Uttar Pradesh,Bareilly,631613.0,397916,48634,282962,4448359.0,362798.0,169063,14511,334862,4448359.0
148,Uttar Pradesh,Pilibhit,371752.0,233088,34201,131971,2031007.0,89638.0,40874,7529,79598,2031007.0
149,Uttar Pradesh,Shahjahanpur,520289.0,319977,62434,140478,3006538.0,134714.0,66952,11046,115719,3006538.0
150,Uttar Pradesh,Kheri,754938.0,483160,83798,138153,4021243.0,107672.0,49313,9582,82046,4021243.0
151,Uttar Pradesh,Sitapur,827583.0,512273,100137,98482,4483992.0,111319.0,47199,9462,80149,4483992.0
152,Uttar Pradesh,Hardoi,786613.0,490059,65288,136870,4092845.0,121064.0,56173,7990,89587,4092845.0
153,Uttar Pradesh,Unnao,596317.0,351827,43531,94218,3108367.0,121039.0,53499,6172,86784,3108367.0
154,Uttar Pradesh,Lucknow,344155.0,196856,28564,73993,4589838.0,717566.0,223163,29420,629305,4589838.0
155,Uttar Pradesh,Rae Bareli,705025.0,390583,54991,94473,3405559.0,73393.0,25027,3816,52182,3405559.0
156,Uttar Pradesh,Farrukhabad,316647.0,188721,27231,75678,1885204.0,94843.0,43343,4457,77486,1885204.0
157,Uttar Pradesh,Kannauj,299785.0,174774,26381,65053,1656616.0,65985.0,28571,3893,49884,1656616.0
158,Uttar Pradesh,Etawah,265643.0,145306,20720,52597,1581810.0,85483.0,34620,3590,71292,1581810.0
159,Uttar Pradesh,Auraiya,255836.0,141221,23025,52190,1379545.0,58438.0,22557,2337,43945,1379545.0
160,Uttar Pradesh,Kanpur Dehat,363933.0,206713,30570,83704,1796184.0,41323.0,16322,2438,27397,1796184.0
161,Uttar Pradesh,Kanpur Nagar,364869.0,214542,25175,86109,4581268.0,684906.0,265058,32875,583539,4581268.0
162,Uttar Pradesh,Jalaun,304856.0,174682,8840,86274,1689974.0,91565.0,37633,3204,69223,1689974.0
163,Uttar Pradesh,Jhansi,309592.0,146746,6191,64085,1998603.0,195321.0,64260,3711,139849,1998603.0
164,Uttar Pradesh,Lalitpur,258013.0,136230,6966,30961,1221592.0,43819.0,15862,1139,27562,1221592.0
165,Uttar Pradesh,Hamirpur,256081.0,129320,3841,64020,1104285.0,55300.0,20516,884,37991,1104285.0
166,Uttar Pradesh,Mahoba,198298.0,100537,3371,35297,875958.0,48525.0,23631,776,26543,875958.0
167,Uttar Pradesh,Banda,378056.0,199991,4158,75611,1799410.0,67569.0,23784,1148,49663,1799410.0
168,Uttar Pradesh,Chitrakoot,207237.0,108799,3730,24453,991730.0,23558.0,11001,636,13828,991730.0
169,Uttar Pradesh,Fatehpur,558807.0,320755,31851,102261,2632733.0,77733.0,31792,3342,56045,2632733.0
170,Uttar Pradesh,Pratapgarh,711085.0,317854,44798,80352,3209141.0,41701.0,13219,1251,26730,3209141.0
171,Uttar Pradesh,Kaushambi,349856.0,193120,15393,48280,1599596.0,30764.0,13197,1353,15812,1599596.0
172,Uttar Pradesh,Allahabad,983266.0,479833,45230,153389,5954391.0,265304.0,80917,7693,222855,5954391.0
173,Uttar Pradesh,Bara Banki,635840.0,323642,75664,83930,3260699.0,79068.0,31231,6957,53608,3260699.0
174,Uttar Pradesh,Faizabad,510378.0,262334,47465,74004,2470996.0,79288.0,28622,3885,60417,2470996.0
175,Uttar Pradesh,Ambedkar Nagar,501559.0,232723,49654,69716,2397888.0,65031.0,27313,6373,35376,2397888.0
176,Uttar Pradesh,Sultanpur,839737.0,418189,72217,110005,3797117.0,49891.0,14817,2195,36370,3797117.0
177,Uttar Pradesh,Bahraich,698520.0,430986,60072,73344,3487731.0,61742.0,25931,3519,49084,3487731.0
178,Uttar Pradesh,Shrawasti,248770.0,139808,16916,25872,1117361.0,8504.0,3189,850,5357,1117361.0
179,Uttar Pradesh,Balrampur,410070.0,232509,27474,41827,2148665.0,35768.0,14486,1466,25717,2148665.0
180,Uttar Pradesh,Gonda,673578.0,344198,76114,53212,3433919.0,52794.0,17158,2322,40704,3433919.0
181,Uttar Pradesh,Siddharthnagar,480165.0,215113,31690,49937,2559297.0,33348.0,11805,1734,15640,2559297.0
182,Uttar Pradesh,Basti,513960.0,207125,51396,67328,2464464.0,31065.0,11090,2112,22397,2464464.0
183,Uttar Pradesh,Sant Kabir Nagar,324972.0,141037,33147,39971,1715183.0,27179.0,10300,1739,13507,1715183.0
184,Uttar Pradesh,Mahrajganj,573046.0,294545,50428,95698,2684703.0,34033.0,13374,1973,19875,2684703.0
185,Uttar Pradesh,Gorakhpur,761958.0,356596,67814,141724,4440895.0,189170.0,59777,6999,152092,4440895.0
186,Uttar Pradesh,Kushinagar,742324.0,414959,63097,109863,3564544.0,42775.0,16553,4020,26648,3564544.0
187,Uttar Pradesh,Deoria,597778.0,277966,50811,99828,3100946.0,67928.0,22823,4483,42387,3100946.0
188,Uttar Pradesh,Azamgarh,891024.0,430364,80192,149692,4613913.0,80434.0,30082,3860,51960,4613913.0
189,Uttar Pradesh,Mau,352207.0,166241,35572,61988,2205968.0,99321.0,43800,6753,63068,2205968.0
190,Uttar Pradesh,Ballia,564927.0,269470,72310,125413,3239774.0,64454.0,23267,5994,39316,3239774.0
191,Uttar Pradesh,Jaunpur,926088.0,426926,66678,142617,4494204.0,80582.0,35858,3545,57857,4494204.0
192,Uttar Pradesh,Ghazipur,700173.0,358488,72817,130232,3620268.0,61467.0,23603,4487,40260,3620268.0
193,Uttar Pradesh,Chandauli,344937.0,169019,23455,64848,1952756.0,50822.0,18702,2337,35168,1952756.0
194,Uttar Pradesh,Varanasi,438935.0,208933,29408,118951,3676841.0,316129.0,113174,11064,281354,3676841.0
195,Uttar Pradesh,Sant Ravidas Nagar (Bhadohi),293510.0,140004,18197,36982,1578213.0,45997.0,20238,2621,25574,1578213.0
196,Uttar Pradesh,Mirzapur,465152.0,240018,22327,89309,2496970.0,77963.0,31730,2728,53404,2496970.0
197,Uttar Pradesh,Sonbhadra,337048.0,188072,6066,46175,1862559.0,91040.0,31317,4278,64365,1862559.0
198,Uttar Pradesh,Etah,334246.0,189183,23397,30750,1774480.0,67752.0,29404,2100,53049,1774480.0
199,Uttar Pradesh,Kanshiram Nagar,271234.0,166808,24139,30378,1436719.0,72490.0,36317,3189,55744,1436719.0
200,Bihar,Pashchim Champaran,839514.0,531412,41136,96544,3935042.0,96620.0,50145,7149,52078,3935042.0
201,Bihar,Purba Champaran,1142260.0,639665,63966,177050,5099371.0,101565.0,43571,5789,54845,5099371.0
202,Bihar,Sheohar,158484.0,94456,5388,31379,656246.0,7516.0,3382,601,2773,656246.0
203,Bihar,Sitamarhi,807294.0,473881,50052,150963,3423574.0,49670.0,20762,3228,30050,3423574.0
204,Bihar,Madhubani,1047552.0,532156,49234,181226,4487379.0,41234.0,17606,2927,22884,4487379.0
205,Bihar,Supaul,572287.0,355390,28042,52078,2229076.0,27815.0,14408,2169,13017,2229076.0
206,Bihar,Araria,659061.0,424435,24385,44157,2811569.0,44213.0,21443,2829,24007,2811569.0
207,Bihar,Kishanganj,401793.0,249915,14062,24911,1690400.0,43357.0,20117,3425,22502,1690400.0
208,Bihar,Purnia,712847.0,464063,36355,61304,3264619.0,85749.0,39530,8317,50677,3264619.0
209,Bihar,Katihar,668232.0,414303,33411,84865,3071029.0,69838.0,29541,4958,47839,3071029.0
210,Bihar,Madhepura,486278.0,311217,30149,54949,2001762.0,24000.0,11016,2087,12312,2001762.0
211,Bihar,Saharsa,432651.0,278194,28554,54081,1900661.0,38046.0,16397,2815,25719,1900661.0
212,Bihar,Darbhanga,907174.0,478987,73481,189599,3937385.0,95539.0,38215,8598,64011,3937385.0
213,Bihar,Muzaffarpur,998694.0,603211,83890,218713,4801062.0,120700.0,43693,8207,93059,4801062.0
214,Bihar,Gopalganj,515925.0,273956,41274,93382,2562012.0,38133.0,15100,2326,19371,2562012.0
215,Bihar,Siwan,632514.0,294751,51866,127767,3330464.0,41858.0,14399,2553,29886,3330464.0
216,Bihar,Saran,701323.0,360480,61015,124835,3951862.0,76299.0,31664,6027,45016,3951862.0
217,Bihar,Vaishali,699317.0,397911,86015,174829,3495021.0,51494.0,22966,5458,31926,3495021.0
218,Bihar,Samastipur,1012979.0,599683,98258,172206,4261566.0,43486.0,16785,2826,30527,4261566.0
219,Bihar,Begusarai,594377.0,339389,68947,151566,2970541.0,139248.0,60572,13646,80346,2970541.0
220,Bihar,Khagaria,373696.0,219733,33258,81092,1666886.0,21007.0,9936,1512,13927,1666886.0
221,Bihar,Bhagalpur,522527.0,307245,45982,131154,3037766.0,130634.0,55911,10058,93664,3037766.0
222,Bihar,Banka,425604.0,257490,28941,47242,2034763.0,18492.0,8672,943,8284,2034763.0
223,Bihar,Munger,222281.0,130256,17560,58015,1367765.0,85782.0,33626,5747,63650,1367765.0
224,Bihar,Lakhisarai,175882.0,103594,13542,47136,1000912.0,31763.0,16612,2668,19566,1000912.0
225,Bihar,Sheikhpura,108293.0,64975,10179,26315,636342.0,24345.0,10882,1801,12708,636342.0
226,Bihar,Nalanda,514141.0,306428,48843,117224,2877653.0,102522.0,42854,7279,75456,2877653.0
227,Bihar,Patna,657991.0,384266,59877,181605,5838465.0,552103.0,171151,28709,477569,5838465.0
228,Bihar,Bhojpur,434559.0,251175,37806,89084,2728407.0,77368.0,31798,6344,53074,2728407.0
229,Bihar,Buxar,299252.0,169975,31421,59850,1706352.0,35405.0,14020,3115,23792,1706352.0
230,Bihar,Kaimur (Bhabua),325143.0,196061,21134,47145,1626384.0,15299.0,5125,703,10739,1626384.0
231,Bihar,Rohtas,512383.0,295644,32792,108112,2959918.0,95678.0,39993,5645,65443,2959918.0
232,Bihar,Aurangabad,428291.0,247552,28267,73666,2540073.0,49006.0,20141,2646,33324,2540073.0
233,Bihar,Gaya,696289.0,437269,55006,114887,4391418.0,111282.0,40061,5230,86577,4391418.0
234,Bihar,Nawada,379551.0,236460,39093,65662,2219146.0,45323.0,17993,2900,31408,2219146.0
235,Bihar,Jamui,325909.0,209233,26072,38783,1760405.0,30851.0,15086,2622,15086,1760405.0
236,Bihar,Jehanabad,186660.0,114235,16986,41625,1125313.0,28132.0,11027,1941,19045,1125313.0
237,Bihar,Arwal,134334.0,83152,10478,30225,700843.0,9960.0,5149,607,3884,700843.0
238,Sikkim,North  District,11543.0,5228,427,8657,43709.0,2066.0,419,37,2010,43709.0
239,Sikkim,West District,32091.0,16558,2535,26988,136435.0,1886.0,290,124,1684,136435.0
240,Sikkim,South District,31135.0,14104,1836,26433,146850.0,8163.0,1248,73,7991,146850.0
241,Sikkim,East District,40626.0,16900,3046,34857,283583.0,41512.0,7638,705,39394,283583.0
242,Arunachal Pradesh,Tawang,10730.0,5032,439,7446,49977.0,2452.0,613,14,2390,49977.0
243,Arunachal Pradesh,West Kameng,17889.0,8640,447,6958,83947.0,,,,,83947.0
244,Arunachal Pradesh,East Kameng,14503.0,8440,377,3190,78690.0,5215.0,2466,130,3337,78690.0
245,Arunachal Pradesh,Papum Pare,20308.0,8996,812,11128,176573.0,30180.0,9476,1056,27675,176573.0
246,Arunachal Pradesh,Upper Subansiri,14542.0,9146,363,5002,83448.0,4672.0,1798,56,3975,83448.0
247,Arunachal Pradesh,West Siang,22272.0,9176,178,15835,112274.0,8503.0,2550,178,8128,112274.0
248,Arunachal Pradesh,East Siang,19497.0,5459,292,9241,99214.0,9524.0,5371,409,8638,99214.0
249,Arunachal Pradesh,Upper Siang,8569.0,2502,34,4824,35320.0,2182.0,1036,24,1749,35320.0
250,Arunachal Pradesh,Changlang,33422.0,16644,568,21824,148226.0,6498.0,2488,51,5932,148226.0
251,Arunachal Pradesh,Tirap,18420.0,7975,184,15767,111975.0,6500.0,3068,97,5973,111975.0
252,Arunachal Pradesh,Lower Subansiri,18112.0,7281,271,12334,83030.0,5365.0,1314,37,5284,83030.0
253,Arunachal Pradesh,Kurung Kumey,18603.0,8315,2325,4371,92076.0,1092.0,542,55,880,92076.0
254,Arunachal Pradesh,Dibang Valley,2055.0,1021,147,1329,8004.0,1175.0,573,65,965,8004.0
255,Arunachal Pradesh,Lower Dibang Valley,12000.0,6324,384,5760,54080.0,3950.0,1275,146,3499,54080.0
256,Arunachal Pradesh,Lohit,33599.0,18177,2015,16631,145726.0,11372.0,5310,409,10143,145726.0
257,Arunachal Pradesh,Anjaw,6025.0,3181,361,1668,21167.0,428.0,292,0,274,21167.0
258,Nagaland,Mon,43607.0,27908,610,27341,250260.0,7415.0,3611,415,6984,250260.0
259,Nagaland,Mokokchung,37536.0,12799,187,36147,194622.0,17742.0,5854,124,17475,194622.0
260,Nagaland,Zunheboto,31267.0,13820,531,22418,140757.0,6044.0,2181,12,5705,140757.0
261,Nagaland,Wokha,38499.0,19865,384,22906,166343.0,8170.0,1772,16,7900,166343.0
262,Nagaland,Dimapur,49116.0,21954,1571,44990,378811.0,62853.0,21747,1319,60841,378811.0
263,Nagaland,Phek,38903.0,21163,933,29332,163418.0,7295.0,2837,29,6828,163418.0
264,Nagaland,Tuensang,40690.0,22379,1383,20263,196596.0,9451.0,5094,292,8392,196596.0
265,Nagaland,Longleng,12686.0,8385,279,8753,50484.0,2451.0,1561,137,1855,50484.0
266,Nagaland,Kiphire,16032.0,9170,160,5867,74004.0,4290.0,1192,17,4088,74004.0
267,Nagaland,Kohima,31845.0,10699,191,16623,267988.0,44255.0,14117,840,40714,267988.0
268,Nagaland,Peren,20204.0,10708,181,15577,95219.0,4073.0,2488,85,3783,95219.0
269,Manipur,Senapati,38008.0,22690,836,27555,479148.0,1826.0,1157,32,1782,479148.0
270,Manipur,Tamenglong,23982.0,13573,2014,15924,140651.0,4119.0,2253,428,3983,140651.0
271,Manipur,Churachandpur,52972.0,28392,1218,43595,274143.0,4853.0,2547,111,4794,274143.0
272,Manipur,Bishnupur,34977.0,12137,2063,31864,237399.0,21172.0,6372,868,19986,237399.0
273,Manipur,Thoubal,65961.0,22096,3627,60486,422168.0,38302.0,10264,1991,36042,422168.0
274,Manipur,Imphal West,51055.0,16899,2705,46970,517992.0,85746.0,26152,3772,82916,517992.0
275,Manipur,Imphal East,64421.0,23449,2963,58558,456113.0,46520.0,14653,1488,44426,456113.0
276,Manipur,Ukhrul,36084.0,25403,1876,29011,183998.0,5806.0,3274,243,5579,183998.0
277,Manipur,Chandel,30377.0,17740,1245,23420,144182.0,3783.0,1539,590,3665,144182.0
278,Mizoram,Mamit,16726.0,8312,986,13899,86364.0,4129.0,883,41,4075,86364.0
279,Mizoram,Kolasib,9669.0,4554,212,9253,83955.0,12507.0,4815,300,12081,83955.0
280,Mizoram,Aizawl,20570.0,7117,349,20035,400309.0,80341.0,13336,562,79778,400309.0
281,Mizoram,Champhai,18395.0,8866,882,17456,125745.0,12717.0,5646,190,12386,125745.0
282,Mizoram,Serchhip,7472.0,3885,463,7203,64937.0,8018.0,3736,769,7969,64937.0
283,Mizoram,Lunglei,21479.0,10696,837,17290,161428.0,17315.0,4640,138,16830,161428.0
284,Mizoram,Lawngtlai,21993.0,10930,1143,13305,117894.0,5273.0,1824,84,5183,117894.0
285,Mizoram,Saiha,7043.0,2281,366,6127,56574.0,5784.0,1660,133,5645,56574.0
286,Tripura,West Tripura,289621.0,119903,11584,246757,1725739.0,217016.0,69879,7812,212892,1725739.0
287,Tripura,South Tripura,219171.0,94024,9862,181035,876001.0,44906.0,12304,1616,44007,876001.0
288,Tripura,Dhalai,89457.0,42492,6440,59399,378230.0,14071.0,5628,1266,13564,378230.0
289,Tripura,North Tripura,150437.0,72811,12486,122606,693947.0,42184.0,14511,2995,40918,693947.0
290,Meghalaya,West Garo Hills,139351.0,68281,7664,78454,643291.0,18594.0,6340,1171,17459,643291.0
291,Meghalaya,East Garo Hills,62698.0,30659,2257,49719,317917.0,11518.0,4872,138,11137,317917.0
292,Meghalaya,South Garo Hills,35930.0,18396,1437,22779,142334.0,3713.0,1555,100,3245,142334.0
293,Meghalaya,West Khasi Hills,74832.0,41980,6884,30531,383461.0,12299.0,5755,565,11130,383461.0
294,Meghalaya,Ribhoi,57988.0,31255,3421,37170,258840.0,5736.0,1955,177,5242,258840.0
295,Meghalaya,East Khasi Hills,106248.0,56205,9881,47067,825922.0,108843.0,25578,2285,105468,825922.0
296,Meghalaya,Jaintia Hills,76546.0,35517,6429,33374,395124.0,7171.0,1003,150,6891,395124.0
297,Assam,Kokrajhar,204896.0,112692,26636,51019,887142.0,17115.0,4244,804,15420,887142.0
298,Assam,Dhubri,460602.0,295706,81065,179634,1949258.0,60417.0,24045,7370,48394,1949258.0
299,Assam,Goalpara,228610.0,138080,28804,141966,1008183.0,39504.0,18329,3160,33578,1008183.0
300,Assam,Barpeta,447189.0,282623,84071,312137,1693622.0,52192.0,17640,3862,48434,1693622.0
301,Assam,Morigaon,232206.0,145128,34366,132821,957423.0,25275.0,10817,2325,22823,957423.0
302,Assam,Nagaon,674999.0,400274,93149,485999,2823768.0,124186.0,54269,7326,118225,2823768.0
303,Assam,Sonitpur,483325.0,280811,49299,265828,1924110.0,64528.0,20778,2903,61301,1924110.0
304,Assam,Lakhimpur,293239.0,190018,28444,157469,1042137.0,34694.0,13079,1908,32855,1042137.0
305,Assam,Dhemaji,211758.0,140183,21175,85338,686133.0,16504.0,7971,1188,15777,686133.0
306,Assam,Tinsukia,290704.0,162794,14535,224714,1327929.0,90910.0,33727,4545,85909,1327929.0
307,Assam,Dibrugarh,299852.0,162519,17091,222490,1326335.0,77163.0,22917,3163,74385,1326335.0
308,Assam,Sivasagar,360182.0,217189,21971,258970,1151050.0,45047.0,16397,1756,41983,1151050.0
309,Assam,Jorhat,286330.0,174374,23192,168648,1092256.0,80824.0,28530,3232,76136,1092256.0
310,Assam,Golaghat,292893.0,187451,23138,190673,1066888.0,34190.0,13231,1435,33403,1066888.0
311,Assam,Karbi Anglong,215691.0,140414,9274,104610,956313.0,37185.0,19336,1338,35139,956313.0
312,Assam,Dima Hasao,37610.0,23468,1692,21475,214102.0,21309.0,9631,703,20584,214102.0
313,Assam,Cachar,346227.0,197003,42239,268672,1736617.0,88933.0,33083,5424,85197,1736617.0
314,Assam,Karimganj,261945.0,150880,39029,219247,1228686.0,32695.0,11802,2844,31844,1228686.0
315,Assam,Hailakandi,159215.0,94732,26748,130397,659296.0,16202.0,4941,1231,15894,659296.0
316,Assam,Bongaigaon,181923.0,116976,22740,89506,738804.0,38470.0,11156,1654,35238,738804.0
317,Assam,Chirang,129018.0,74185,14062,30964,482162.0,11613.0,4587,1718,9859,482162.0
318,Assam,Kamrup,390596.0,230842,48043,222639,1517542.0,43849.0,19775,3727,34509,1517542.0
319,Assam,Kamrup Metropolitan,61334.0,32139,6194,39683,1253938.0,366858.0,100152,14307,355852,1253938.0
320,Assam,Nalbari,210706.0,128530,20017,134219,771639.0,28238.0,12227,2400,25442,771639.0
321,Assam,Baksa,291641.0,187525,32663,112865,950075.0,3580.0,1904,268,3368,950075.0
322,Assam,Darrang,268517.0,154665,47796,127814,928500.0,20189.0,6945,1736,18533,928500.0
323,Assam,Udalguri,267790.0,160406,28653,111132,831668.0,13835.0,4883,996,12423,831668.0
324,West Bengal,Darjiling,303284.0,164379,24262,158617,1846823.0,215675.0,68368,11430,187637,1846823.0
325,West Bengal,Jalpaiguri,798378.0,461462,127740,296198,3872846.0,319426.0,118826,33539,262887,3872846.0
326,West Bengal,Koch Bihar,803407.0,463565,101229,447497,2819086.0,97331.0,32995,7689,87889,2819086.0
327,West Bengal,Uttar Dinajpur,683981.0,396024,84813,140900,3007134.0,94269.0,37707,13763,75980,3007134.0
328,West Bengal,Dakshin Dinajpur,390949.0,225186,46522,107510,1676276.0,70077.0,24036,6517,64190,1676276.0
329,West Bengal,Maldah,830318.0,489887,93825,210900,3988845.0,128678.0,62408,10680,95607,3988845.0
330,West Bengal,Murshidabad,1501066.0,842098,255181,520869,7103807.0,350899.0,170186,40704,216855,7103807.0
331,West Bengal,Birbhum,831044.0,432142,129642,155405,3502404.0,134565.0,50192,12514,82892,3502404.0
332,West Bengal,Barddhaman,1364868.0,707001,128297,629204,7717563.0,862368.0,329424,54329,616593,7717563.0
333,West Bengal,Nadia,1081381.0,582864,168695,771024,5167600.0,468390.0,192976,49649,437007,5167600.0
334,West Bengal,North Twenty Four Parganas,1209337.0,559923,238239,954166,10009781.0,1649803.0,551034,89089,1550814,10009781.0
335,West Bengal,Hugli,992085.0,451398,116073,596243,5519145.0,647953.0,218360,34341,575382,5519145.0
336,West Bengal,Bankura,900515.0,471869,105360,148584,3596674.0,90885.0,35263,8088,54894,3596674.0
337,West Bengal,Puruliya,653219.0,409568,48338,39846,2930115.0,99433.0,43253,6662,50611,2930115.0
338,West Bengal,Haora,483384.0,195287,67190,290997,4850029.0,869313.0,305998,56505,725876,4850029.0
339,West Bengal,South Twenty Four Parganas,1568802.0,782832,254145,862841,8161961.0,611430.0,235400,49525,508098,8161961.0
340,West Bengal,Paschim Medinipur,1364335.0,712182,180092,571656,5913457.0,201048.0,65943,16686,155209,5913457.0
341,West Bengal,Purba Medinipur,1193006.0,584572,215934,1021213,5095875.0,170707.0,59406,17241,141345,5095875.0
342,Jharkhand,Garhwa,272872.0,170272,12552,13370,1322784.0,19180.0,8535,1304,8880,1322784.0
343,Jharkhand,Chatra,200974.0,115560,9043,13264,1042886.0,14528.0,6740,595,9544,1042886.0
344,Jharkhand,Kodarma,116714.0,61041,4901,8870,716259.0,34771.0,15542,1877,17489,716259.0
345,Jharkhand,Giridih,452564.0,242574,14029,26248,2445474.0,46886.0,17347,1594,28741,2445474.0
346,Jharkhand,Deoghar,257373.0,155968,13126,14155,1492073.0,64337.0,24062,2702,43942,1492073.0
347,Jharkhand,Godda,276454.0,173336,25433,21839,1313551.0,15576.0,5731,654,10108,1313551.0
348,Jharkhand,Sahibganj,223450.0,145465,16311,20557,1150567.0,37543.0,17457,2928,20385,1150567.0
349,Jharkhand,Pakur,200588.0,120152,14241,14642,900422.0,16587.0,7746,945,7712,900422.0
350,Jharkhand,Dhanbad,258764.0,135074,12161,31569,2684487.0,405455.0,180427,15812,240434,2684487.0
351,Jharkhand,Bokaro,250312.0,125906,10262,16520,2062330.0,258452.0,94851,8270,162049,2062330.0
352,Jharkhand,Lohardaga,96759.0,60474,2709,7063,461790.0,14725.0,5330,647,10381,461790.0
353,Jharkhand,Purbi Singhbhum,262537.0,133893,15227,35705,2293919.0,342126.0,88268,7868,276095,2293919.0
354,Jharkhand,Palamu,355529.0,223272,22398,26309,1939869.0,52375.0,21002,2828,30534,1939869.0
355,Jharkhand,Latehar,146377.0,84898,3220,10539,726978.0,14137.0,5739,706,7888,726978.0
356,Jharkhand,Hazaribagh,312983.0,151796,10328,29107,1734495.0,68765.0,22761,2062,50542,1734495.0
357,Jharkhand,Ramgarh,134067.0,67167,5094,14747,949443.0,118558.0,47186,4268,71134,949443.0
358,Jharkhand,Dumka,303697.0,194062,18221,18829,1321442.0,23281.0,7799,1164,14946,1321442.0
359,Jharkhand,Jamtara,165555.0,103637,8112,7284,791042.0,20113.0,6737,663,12087,791042.0
360,Jharkhand,Ranchi,420740.0,231407,12622,55537,2914253.0,310242.0,98656,12719,245401,2914253.0
361,Jharkhand,Khunti,,,,,531885.0,,,,,531885.0
362,Jharkhand,Gumla,216629.0,137126,6282,13864,1025213.0,16445.0,6314,822,11264,1025213.0
363,Jharkhand,Simdega,144169.0,85924,4180,7064,599578.0,11114.0,4445,444,5934,599578.0
364,Jharkhand,Pashchimi Singhbhum,336928.0,171496,13477,12466,1502338.0,63396.0,23773,2852,37340,1502338.0
365,Jharkhand,Saraikela-Kharsawan,217248.0,116227,7820,13903,1065056.0,68439.0,25048,2326,44143,1065056.0
366,Odisha,Bargarh,411566.0,275337,34983,50622,1481255.0,47395.0,22133,2227,25688,1481255.0
367,Odisha,Jharsuguda,103224.0,73805,6090,9703,579505.0,73962.0,33652,4141,39643,579505.0
368,Odisha,Sambalpur,220697.0,153825,17214,18979,1041099.0,94798.0,39056,4929,56404,1041099.0
369,Odisha,Debagarh,91408.0,68556,12248,5393,312520.0,7350.0,4579,404,3770,312520.0
370,Odisha,Sundargarh,387911.0,294424,22498,32584,2093437.0,230151.0,107940,10126,150748,2093437.0
371,Odisha,Kendujhar,490634.0,343443,42194,45628,1801733.0,83664.0,40828,6442,42501,1801733.0
372,Odisha,Mayurbhanj,689110.0,499604,59263,103366,2519738.0,64479.0,28241,5222,41266,2519738.0
373,Odisha,Baleshwar,601154.0,373316,69733,136461,2320529.0,82440.0,34789,5935,56059,2320529.0
374,Odisha,Bhadrak,373862.0,240393,33273,59817,1506337.0,54244.0,28586,4014,28098,1506337.0
375,Odisha,Kendrapara,414749.0,236406,31106,65530,1440361.0,23494.0,10478,2067,13579,1440361.0
376,Odisha,Jagatsinghapur,309685.0,177449,21987,68440,1136971.0,43047.0,24622,1592,19285,1136971.0
377,Odisha,Cuttack,579529.0,318740,58532,129814,2624470.0,210768.0,77141,13489,164399,2624470.0
378,Odisha,Jajapur,495611.0,286463,72359,98626,1827192.0,45528.0,19531,3186,27863,1827192.0
379,Odisha,Dhenkanal,315390.0,206580,36269,44785,1192811.0,36979.0,15457,2810,22113,1192811.0
380,Odisha,Anugul,340410.0,219224,40849,56848,1273821.0,74177.0,28780,4895,47473,1273821.0
381,Odisha,Nayagarh,261646.0,168238,31920,41601,962789.0,26688.0,12943,2028,14891,962789.0
382,Odisha,Khordha,331834.0,207064,28205,60725,2251673.0,356895.0,130623,18201,273381,2251673.0
383,Odisha,Puri,402014.0,257690,45025,62714,1698730.0,72210.0,33505,4188,52929,1698730.0
384,Odisha,Ganjam,795476.0,490013,75570,151935,3529031.0,219918.0,87747,11435,143606,3529031.0
385,Odisha,Gajapati,152095.0,101903,8973,19316,577817.0,23050.0,9381,1152,13069,577817.0
386,Odisha,Kandhamal,218446.0,150290,14417,13762,733110.0,24489.0,11387,1567,13836,733110.0
387,Odisha,Baudh,131377.0,98664,6174,11823,441162.0,6577.0,3689,355,3374,441162.0
388,Odisha,Subarnapur,176927.0,130925,12738,13977,610183.0,16575.0,10177,961,6464,610183.0
389,Odisha,Balangir,476770.0,327064,33373,48153,1648997.0,62192.0,29168,4229,36133,1648997.0
390,Odisha,Nuapada,197258.0,143801,9468,25051,610382.0,11869.0,6254,771,5744,610382.0
391,Odisha,Kalahandi,456336.0,320804,42895,37419,1576869.0,38412.0,18360,2650,22586,1576869.0
392,Odisha,Rayagada,237343.0,165428,13528,15664,967911.0,49205.0,17615,2115,29769,967911.0
393,Odisha,Nabarangapur,342840.0,237588,15084,19884,1220946.0,29424.0,15123,1441,15712,1220946.0
394,Odisha,Koraput,381789.0,250835,20234,31306,1379647.0,78339.0,30473,4386,50842,1379647.0
395,Odisha,Malkangiri,167884.0,112985,12423,10073,613192.0,15839.0,7238,1330,7555,613192.0
396,Chhattisgarh,Koriya,121852.0,61535,2680,10357,658917.0,59763.0,22411,776,35439,658917.0
397,Chhattisgarh,Surguja,,,,,2359886.0,65167.0,19159,1042,39947,2359886.0
398,Chhattisgarh,Jashpur,,,,,851669.0,20722.0,7832,248,8744,851669.0
399,Chhattisgarh,Raigarh,354278.0,203355,17005,46056,1493984.0,66638.0,25189,1999,38183,1493984.0
400,Chhattisgarh,Korba,206598.0,112389,6611,24585,1206640.0,126055.0,37438,2016,73868,1206640.0
401,Chhattisgarh,Janjgir - Champa,379583.0,223953,21256,41754,1619707.0,61190.0,26801,2325,27168,1619707.0
402,Chhattisgarh,Bilaspur,549632.0,324832,28580,91238,2663629.0,188174.0,67930,5833,123630,2663629.0
403,Chhattisgarh,Kabeerdham,187311.0,114072,11613,16857,822526.0,23868.0,8759,1217,11814,822526.0
404,Chhattisgarh,Rajnandgaon,313604.0,149589,10662,58016,1537133.0,76528.0,25101,1913,40712,1537133.0
405,Chhattisgarh,Durg,533448.0,279526,26672,74682,3343872.0,349741.0,103523,7694,218937,3343872.0
406,Chhattisgarh,Raipur,673499.0,383894,39736,86881,4063872.0,395001.0,118895,11455,256750,4063872.0
407,Chhattisgarh,Mahasamund,274793.0,164875,12640,41768,1032754.0,35774.0,14738,1466,17922,1032754.0
408,Chhattisgarh,Dhamtari,168689.0,92947,7084,40822,799781.0,41792.0,16382,1462,22400,799781.0
409,Chhattisgarh,Uttar Bastar Kanker,169191.0,78673,5075,25040,748941.0,24878.0,9403,796,15150,748941.0
410,Chhattisgarh,Bastar,316425.0,165173,10758,43983,1413199.0,54894.0,19432,1591,33485,1413199.0
411,Chhattisgarh,Narayanpur,26916.0,15503,1184,1103,139820.0,6179.0,3416,135,2731,139820.0
412,Chhattisgarh,Dakshin Bastar Dantewada,106545.0,53379,3409,7671,533638.0,31304.0,11050,907,15589,533638.0
413,Chhattisgarh,Bijapur,50449.0,28503,2118,1362,255230.0,7942.0,4860,246,2231,255230.0
414,Madhya Pradesh,Sheopur,150146.0,90688,7957,8708,687861.0,26376.0,10708,844,15087,687861.0
415,Madhya Pradesh,Morena,319298.0,170824,16603,21392,1965970.0,95288.0,34017,2001,70322,1965970.0
416,Madhya Pradesh,Bhind,271211.0,139944,12475,25222,1703005.0,88385.0,35972,2209,59483,1703005.0
417,Madhya Pradesh,Gwalior,172720.0,83078,7772,29880,2032036.0,272172.0,73214,5443,236789,2032036.0
418,Madhya Pradesh,Datia,160453.0,74931,4332,18131,786754.0,43401.0,15103,1302,27386,786754.0
419,Madhya Pradesh,Shivpuri,367859.0,199747,15450,20600,1726050.0,66759.0,21029,1869,43860,1726050.0
420,Madhya Pradesh,Tikamgarh,322772.0,144279,9360,12588,1445166.0,60220.0,19812,1625,27219,1445166.0
421,Madhya Pradesh,Chhatarpur,375869.0,169892,9772,19545,1762375.0,95048.0,27658,1520,55032,1762375.0
422,Madhya Pradesh,Panna,256744.0,121953,7702,12837,1016520.0,32179.0,11584,740,17312,1016520.0
423,Madhya Pradesh,Sagar,448408.0,231378,21075,50221,2378458.0,165507.0,53127,4137,107083,2378458.0
424,Madhya Pradesh,Damoh,303387.0,164132,15169,17899,1264219.0,66514.0,22681,1928,37380,1264219.0
425,Madhya Pradesh,Satna,461831.0,181037,10160,105297,2228935.0,114173.0,26716,2625,69074,2228935.0
426,Madhya Pradesh,Rewa,523910.0,181796,11002,93255,2365106.0,94489.0,20598,2267,56220,2365106.0
427,Madhya Pradesh,Umaria,138100.0,65183,5800,8009,644758.0,29966.0,8480,629,16541,644758.0
428,Madhya Pradesh,Neemuch,174235.0,80670,4878,22999,826067.0,67962.0,18757,951,43223,826067.0
429,Madhya Pradesh,Mandsaur,302287.0,150236,6952,40204,1340411.0,81832.0,24140,1391,55809,1340411.0
430,Madhya Pradesh,Ratlam,266716.0,153895,9335,35739,1455069.0,107151.0,29466,1500,88721,1455069.0
431,Madhya Pradesh,Ujjain,300765.0,165119,11429,53836,1986864.0,188684.0,56793,3584,157739,1986864.0
432,Madhya Pradesh,Shajapur,312611.0,177250,13754,41889,1512681.0,73997.0,23753,1775,49355,1512681.0
433,Madhya Pradesh,Dewas,274995.0,134747,17049,59673,1563715.0,101014.0,30809,2626,78083,1563715.0
434,Madhya Pradesh,Dhar,412348.0,232976,19380,79170,2185793.0,103364.0,31732,3100,78970,2185793.0
435,Madhya Pradesh,Indore,200371.0,82953,9217,83153,3276697.0,587947.0,136991,15874,530916,3276697.0
436,Madhya Pradesh,Khargone (West Nimar),383543.0,218235,24163,49860,1873046.0,76620.0,22602,2451,56545,1873046.0
437,Madhya Pradesh,Barwani,250358.0,150715,13018,25786,1385881.0,48912.0,18293,2005,32330,1385881.0
438,Madhya Pradesh,Rajgarh,331894.0,200463,21573,25887,1545814.0,69823.0,24926,2234,42592,1545814.0
439,Madhya Pradesh,Vidisha,292579.0,132245,8777,33646,1458875.0,83830.0,25651,1760,59938,1458875.0
440,Madhya Pradesh,Bhopal,118893.0,55404,5112,25561,2371061.0,581826.0,175129,15127,488152,2371061.0
441,Madhya Pradesh,Sehore,270427.0,117906,17848,58682,1311332.0,59220.0,18535,1480,46843,1311332.0
442,Madhya Pradesh,Raisen,251272.0,116590,18091,46485,1331597.0,74441.0,27096,2977,53597,1331597.0
443,Madhya Pradesh,Betul,318945.0,145438,15309,41143,1575362.0,87704.0,26574,2631,62796,1575362.0
444,Madhya Pradesh,Harda,112714.0,47565,8678,43169,570465.0,31845.0,8438,1401,25253,570465.0
445,Madhya Pradesh,Hoshangabad,209650.0,92036,21384,70861,1241350.0,105746.0,30349,3595,85231,1241350.0
446,Madhya Pradesh,Katni,276151.0,128410,12150,23748,1292042.0,72880.0,20843,1749,47955,1292042.0
447,Madhya Pradesh,Jabalpur,272284.0,125795,15520,72972,2463289.0,352477.0,103628,10221,282686,2463289.0
448,Madhya Pradesh,Narsimhapur,230659.0,112792,22604,63431,1091854.0,53059.0,17880,3130,38096,1091854.0
449,Madhya Pradesh,Dindori,218021.0,111626,5886,8066,704524.0,9774.0,3684,537,5405,704524.0
450,Madhya Pradesh,Mandla,279674.0,120819,12025,18738,1054905.0,37258.0,10655,1490,24254,1054905.0
451,Madhya Pradesh,Chhindwara,413142.0,207810,21070,50816,2090922.0,140802.0,47168,5209,93351,2090922.0
452,Madhya Pradesh,Seoni,335045.0,151105,16417,50926,1379131.0,47542.0,13169,1663,35133,1379131.0
453,Madhya Pradesh,Balaghat,400074.0,153228,21603,46808,1701698.0,70793.0,20813,2406,44670,1701698.0
454,Madhya Pradesh,Guna,212765.0,104680,6170,15744,1241519.0,72320.0,24299,2386,43102,1241519.0
455,Madhya Pradesh,Ashoknagar,169606.0,74626,4579,11872,845071.0,37135.0,14037,631,20907,845071.0
456,Madhya Pradesh,Shahdol,233594.0,103248,6774,17753,1066063.0,57846.0,16891,1561,36847,1066063.0
457,Madhya Pradesh,Anuppur,,,,,749237.0,,,,,749237.0
458,Madhya Pradesh,Sidhi,250953.0,95864,4768,10289,1127033.0,25916.0,6945,388,12698,1127033.0
459,Madhya Pradesh,Singrauli,228732.0,101557,4345,5032,1178273.0,58593.0,15878,1523,30526,1178273.0
460,Madhya Pradesh,Jhabua,211080.0,132136,10765,12242,1025048.0,24713.0,6301,444,18979,1025048.0
461,Madhya Pradesh,Alirajpur,135866.0,84372,5434,6793,728999.0,14662.0,4369,381,11040,728999.0
462,Madhya Pradesh,Khandwa (East Nimar),265663.0,139207,21253,46225,1310061.0,63425.0,19725,2790,43953,1310061.0
463,Madhya Pradesh,Burhanpur,115979.0,56133,7422,21456,757847.0,62861.0,26213,2451,43122,757847.0
464,Gujarat,Kachchh,488293.0,124026,5371,240240,2092371.0,250982.0,53710,2509,220613,2092371.0
465,Gujarat,Banas Kantha,666773.0,258707,26670,114018,3120506.0,137424.0,32706,2061,107190,3120506.0
466,Gujarat,Patan,301483.0,112453,11456,108232,1343734.0,102655.0,26177,1539,84587,1343734.0
467,Gujarat,Mahesana,476005.0,156129,12376,211346,2035064.0,183738.0,40054,2388,156177,2035064.0
468,Gujarat,Sabar Kantha,544024.0,223593,11424,169191,2428589.0,121509.0,32928,1944,93197,2428589.0
469,Gujarat,Gandhinagar,237624.0,86970,5465,101703,1391753.0,195634.0,47734,2543,158072,1391753.0
470,Gujarat,Ahmadabad,353169.0,143033,7063,116192,7214225.0,1845383.0,441046,11072,1699597,7214225.0
471,Gujarat,Surendranagar,340788.0,124046,7838,70883,1756268.0,159810.0,38034,2237,111867,1756268.0
472,Gujarat,Rajkot,459474.0,130490,6892,202168,3804558.0,721532.0,158015,7936,624125,3804558.0
473,Gujarat,Jamnagar,347158.0,104494,5554,120810,2160119.0,299167.0,68808,2991,250701,2160119.0
474,Gujarat,Porbandar,96015.0,29188,2208,37541,585449.0,87557.0,21539,1138,67769,585449.0
475,Gujarat,Junagadh,489237.0,159980,8317,225049,2743082.0,287506.0,68713,4025,246392,2743082.0
476,Gujarat,Amreli,313714.0,90663,5333,163444,1514190.0,116899.0,28874,1168,91648,1514190.0
477,Gujarat,Bhavnagar,387251.0,128567,5808,124307,2880365.0,356826.0,91704,3925,291170,2880365.0
478,Gujarat,Anand,413078.0,170601,8674,170601,2092745.0,208909.0,54525,2715,173394,2092745.0
479,Gujarat,Kheda,461479.0,194744,11536,117215,2299885.0,160547.0,40136,2408,126029,2299885.0
480,Gujarat,Panch Mahals,463363.0,233534,12047,78771,2390776.0,104238.0,25434,1146,87664,2390776.0
481,Gujarat,Dohad,323697.0,192599,6797,19745,2127086.0,52807.0,12462,580,37915,2127086.0
482,Gujarat,Vadodara,547454.0,251828,10949,156024,4165626.0,692971.0,137901,5543,636840,4165626.0
483,Gujarat,Narmada,138121.0,60635,1795,22099,590297.0,22248.0,7497,422,16619,590297.0
484,Gujarat,Bharuch,300677.0,114858,4510,137710,1551019.0,181319.0,36626,1087,162099,1551019.0
485,Gujarat,The Dangs,52102.0,18913,573,13181,228291.0,7516.0,2014,52,4344,228291.0
486,Gujarat,Navsari,267739.0,92369,3748,119143,1329672.0,141417.0,28283,1272,121194,1329672.0
487,Gujarat,Valsad,262410.0,104176,3411,72425,1705678.0,235981.0,58051,2123,179345,1705678.0
488,Gujarat,Surat,369840.0,114280,4438,184550,6081322.0,1529998.0,302939,7649,1435138,6081322.0
489,Gujarat,Tapi,192272.0,69794,1922,44222,807022.0,26217.0,7812,209,20318,807022.0
490,Daman and Diu,Diu,9788.0,1243,29,4238,52074.0,9062.0,969,18,6769,52074.0
491,Daman and Diu,Daman,10006.0,2641,90,5733,191173.0,61073.0,22658,366,53011,191173.0
492,Dadra and Nagar Haveli,Dadra And Nagar Haveli,48221.0,21940,385,12778,343709.0,60562.0,12596,121,49236,343709.0
493,Maharashtra,Nandurbar,333440.0,163052,13004,74357,1648295.0,71572.0,20899,2361,45448,1648295.0
494,Maharashtra,Dhule,382777.0,143158,13014,71579,2050862.0,146013.0,33144,2336,95346,2050862.0
495,Maharashtra,Jalgaon,796223.0,309730,43792,179946,4229917.0,373565.0,101236,6350,242443,4229917.0
496,Maharashtra,Buldana,575405.0,269864,38552,167442,2586258.0,152787.0,52558,5347,93047,2586258.0
497,Maharashtra,Akola,308158.0,146375,21879,95220,1813906.0,196077.0,66274,7254,141763,1813906.0
498,Maharashtra,Washim,274925.0,127290,18419,75604,1197160.0,55921.0,19963,1453,37634,1197160.0
499,Maharashtra,Amravati,508921.0,226978,33588,209166,2888445.0,272894.0,85415,7913,214494,2888445.0
500,Maharashtra,Wardha,268486.0,117328,25506,126725,1300774.0,120218.0,28852,4448,94250,1300774.0
501,Maharashtra,Nagpur,430844.0,168029,35760,198619,4653570.0,877522.0,207972,24570,789769,4653570.0
502,Maharashtra,Bhandara,283843.0,123755,22991,158384,1200334.0,72575.0,18143,2467,61180,1200334.0
503,Maharashtra,Gondiya,319702.0,128839,16624,151858,1322507.0,66813.0,18039,2204,51646,1322507.0
504,Maharashtra,Gadchiroli,293586.0,125067,25541,65176,1072942.0,37254.0,10058,1490,24550,1072942.0
505,Maharashtra,Chandrapur,451324.0,186396,50548,131335,2204307.0,233331.0,58799,7933,167298,2204307.0
506,Maharashtra,Yavatmal,629243.0,295114,50968,137174,2772348.0,168889.0,49484,6586,115182,2772348.0
507,Maharashtra,Nanded,591119.0,302652,46107,113494,3361292.0,230563.0,80697,9222,168772,3361292.0
508,Maharashtra,Hingoli,242456.0,113226,14547,65220,1177345.0,41913.0,16220,1299,27536,1177345.0
509,Maharashtra,Parbhani,293480.0,138816,24358,39032,1836086.0,133759.0,47885,5885,89484,1836086.0
510,Maharashtra,Jalna,404746.0,165945,27927,118185,1959046.0,98084.0,35800,3040,68854,1959046.0
511,Maharashtra,Aurangabad,551789.0,219060,44143,109254,3701282.0,427343.0,96579,5982,373497,3701282.0
512,Maharashtra,Nashik,904661.0,312108,50661,265065,6107187.0,764271.0,185717,19106,528111,6107187.0
513,Maharashtra,Thane,713994.0,262749,41411,283455,11060148.0,2904157.0,630202,31945,2163596,11060148.0
514,Maharashtra,Raigarh,581868.0,164668,20947,296170,2634200.0,377160.0,66757,4148,305499,2634200.0
515,Maharashtra,Pune,1165718.0,278606,57120,720413,9429408.0,2056739.0,429858,26737,1655674,9429408.0
516,Maharashtra,Ahmadnagar,1041393.0,318666,77063,407184,4543159.0,282011.0,65144,7050,207560,4543159.0
517,Maharashtra,Bid,563114.0,230876,45049,86719,2585049.0,135457.0,41720,3928,93600,2585049.0
518,Maharashtra,Latur,428616.0,171875,24431,106296,2454196.0,157016.0,48046,4082,122315,2454196.0
519,Maharashtra,Osmanabad,367158.0,140254,22763,81509,1657576.0,77832.0,24594,2179,44986,1657576.0
520,Maharashtra,Solapur,779929.0,230858,60834,250357,4317756.0,376302.0,115901,7149,229167,4317756.0
521,Maharashtra,Satara,774522.0,215317,41049,542939,3003741.0,200949.0,41596,5425,151515,3003741.0
522,Maharashtra,Ratnagiri,538538.0,154560,22080,361897,1615069.0,100824.0,16736,1915,82675,1615069.0
523,Maharashtra,Sindhudurg,295847.0,81653,13608,220110,849651.0,44989.0,10707,1349,39050,849651.0
524,Maharashtra,Kolhapur,796496.0,193548,15929,592593,3876001.0,382818.0,84985,4593,285965,3876001.0
525,Maharashtra,Sangli,626872.0,171762,31970,379257,2822143.0,226801.0,57380,5443,175997,2822143.0
526,Telangana,Adilabad,597466.0,213295,38835,82450,2741239.0,220248.0,51758,6166,155715,2741239.0
527,Telangana,Nizamabad,565165.0,179722,24302,166158,2551335.0,155133.0,39403,3412,132638,2551335.0
528,Telangana,Karimnagar,877236.0,284224,44739,300014,3776269.0,288044.0,60489,5184,243109,3776269.0
529,Telangana,Medak,593653.0,205403,26120,188781,3033288.0,195479.0,37922,2345,165375,3033288.0
530,Telangana,Rangareddy,432098.0,110184,9506,187962,5296741.0,1129224.0,182934,7904,1084055,5296741.0
531,Telangana,Mahbubnagar,848963.0,261480,52635,151964,4053028.0,161052.0,30599,2737,125781,4053028.0
532,Telangana,Nalgonda,833504.0,285058,49176,265887,3488809.0,197433.0,47976,3356,160315,3488809.0
533,Telangana,Warangal,758738.0,294390,64492,225345,3512576.0,288249.0,68315,8359,237517,3512576.0
534,Telangana,Khammam,669262.0,226879,34801,250303,2797370.0,201363.0,45508,4429,171964,2797370.0
535,Andhra Pradesh,Srikakulam,752752.0,241633,26346,96352,2703114.0,149684.0,32032,2544,98641,2703114.0
536,Andhra Pradesh,Vizianagaram,592458.0,183069,19551,63393,2344474.0,157056.0,31411,2984,104285,2344474.0
537,Andhra Pradesh,Visakhapatnam,718847.0,213497,23003,153833,4290589.0,660493.0,112283,7265,551511,4290589.0
538,Andhra Pradesh,East Godavari,1199479.0,364641,46779,563755,5154296.0,406362.0,84929,6908,354754,5154296.0
539,Andhra Pradesh,West Godavari,1007255.0,302176,48348,593273,3936966.0,248373.0,52406,5464,220306,3936966.0
540,Andhra Pradesh,Krishna,909292.0,280061,40008,511022,4517398.0,567042.0,113975,9639,527349,4517398.0
541,Andhra Pradesh,Guntur,1069877.0,331661,44934,497492,4887813.0,513113.0,112371,9749,442816,4887813.0
542,Andhra Pradesh,Prakasam,873486.0,260298,36686,244576,3397448.0,214089.0,45386,4281,165704,3397448.0
543,Andhra Pradesh,Sri Potti Sriramulu Nellore,689137.0,192269,29632,175729,2963557.0,264376.0,43886,5023,208328,2963557.0
544,Andhra Pradesh,Y.S.R.,590589.0,129338,15355,167727,2882469.0,293504.0,54591,3228,232161,2882469.0
545,Andhra Pradesh,Kurnool,783853.0,211640,25867,216343,4053463.0,306982.0,64466,4297,223175,4053463.0
546,Andhra Pradesh,Anantapur,902997.0,195950,26186,198659,4081148.0,341431.0,71359,4438,260170,4081148.0
547,Andhra Pradesh,Chittoor,,,,,4174064.0,395900.0,58197,4750,322658,4174064.0
548,Karnataka,Belgaum,962777.0,370669,45250,178113,4779661.0,356198.0,90830,6767,257887,4779661.0
549,Karnataka,Bagalkot,324799.0,139338,16889,23385,1889752.0,165858.0,54567,6136,70489,1889752.0
550,Karnataka,Bijapur,396449.0,165319,26958,19822,2177331.0,131041.0,36298,3800,77969,2177331.0
551,Karnataka,Bidar,287134.0,162804,14356,25267,1703300.0,102269.0,30680,3068,69645,1703300.0
552,Karnataka,Raichur,330446.0,142752,23461,33044,1928812.0,125402.0,38749,4514,63202,1928812.0
553,Karnataka,Koppal,272968.0,107549,14194,32756,1389920.0,64681.0,17269,2393,31305,1389920.0
554,Karnataka,Gadag,180066.0,75267,9183,16566,1064570.0,111906.0,39950,3804,47336,1064570.0
555,Karnataka,Dharwad,199707.0,80681,7788,46132,,283397.0,82185,5667,232385,
556,Karnataka,Uttara Kannada,334281.0,160789,21393,169146,1437169.0,140511.0,52410,4496,113251,1437169.0
557,Karnataka,Haveri,315076.0,141469,15753,88851,1597668.0,98488.0,29447,2856,68646,1597668.0
558,Karnataka,Bellary,371604.0,148269,20066,44964,2452595.0,251876.0,72540,7556,159941,2452595.0
559,Karnataka,Chitradurga,349704.0,157366,20632,66793,1659456.0,97644.0,30953,1952,72158,1659456.0
560,Karnataka,Davanagere,354680.0,163507,20571,105694,1945497.0,176011.0,54035,4928,142392,1945497.0
561,Karnataka,Shimoga,352444.0,161419,25728,217810,1752753.0,201662.0,64935,6453,176857,1752753.0
562,Karnataka,Udupi,269817.0,93086,11332,225567,1177361.0,115572.0,28893,2427,110949,1177361.0
563,Karnataka,Chikmagalur,311660.0,141805,17141,168608,1137961.0,80766.0,24633,2342,72204,1137961.0
564,Karnataka,Tumkur,685443.0,280346,39755,125436,2678980.0,204799.0,57138,5119,168959,2678980.0
565,Karnataka,Bangalore,300576.0,86565,7514,224830,9621551.0,2967384.0,590509,32641,2872427,9621551.0
566,Karnataka,Mandya,458867.0,202819,20649,126188,1805769.0,103435.0,31961,3206,88850,1805769.0
567,Karnataka,Hassan,496103.0,241602,30758,132459,1776421.0,132878.0,39464,3189,119457,1776421.0
568,Karnataka,Dakshina Kannada,332919.0,135830,12318,293301,2089649.0,317373.0,83469,5077,309756,2089649.0
569,Karnataka,Kodagu,181182.0,72472,8334,142771,554519.0,31792.0,10618,1017,30838,554519.0
570,Karnataka,Mysore,540596.0,259486,28651,145960,3001127.0,380386.0,108410,8368,358323,3001127.0
571,Karnataka,Chamarajanagar,262680.0,124773,18387,40452,1020791.0,57200.0,21392,2574,36779,1020791.0
572,Karnataka,Gulbarga,400704.0,173905,14826,18031,2566326.0,199303.0,57399,2989,135924,2566326.0
573,Karnataka,Yadgir,207787.0,106386,11428,8934,1174271.0,55208.0,18991,1601,22193,1174271.0
574,Karnataka,Kolar,326567.0,133565,16654,83274,1536401.0,151042.0,47729,2416,121135,1536401.0
575,Karnataka,Chikkaballapura,315649.0,120893,15466,72599,1255104.0,94053.0,26240,1504,79286,1255104.0
576,Karnataka,Bangalore Rural,231052.0,84333,8548,174444,990923.0,95410.0,27764,1621,87109,990923.0
577,Karnataka,Ramanagara,266950.0,116123,18152,74746,1082636.0,84834.0,29013,2714,75078,1082636.0
578,Goa,North Goa,115859.0,26647,2085,79595,818008.0,209230.0,41009,2301,178473,818008.0
579,Goa,South Goa,88620.0,20737,1772,65401,640537.0,162873.0,39741,2443,138767,640537.0
580,Lakshadweep,Lakshadweep,5289.0,2161,92,5186,64473.0,15953.0,2284,76,15587,64473.0
581,Kerala,Kasaragod,251641.0,80273,19124,223457,1307375.0,166164.0,30740,4486,160514,1307375.0
582,Kerala,Kannur,306288.0,95255,18989,294955,2523003.0,566191.0,109841,11890,557698,2523003.0
583,Kerala,Wayanad,266183.0,94228,23956,244089,817420.0,11805.0,4722,649,11250,817420.0
584,Kerala,Kozhikode,323793.0,87747,21370,314079,3086293.0,666543.0,128642,23995,654545,3086293.0
585,Kerala,Malappuram,634543.0,175133,26650,612333,4112920.0,522586.0,111310,13064,514747,4112920.0
586,Kerala,Palakkad,665899.0,235728,35958,587322,2809934.0,228442.0,64192,7538,216791,2809934.0
587,Kerala,Thrissur,336748.0,118535,17174,326308,3121200.0,715119.0,203808,29319,702961,3121200.0
588,Kerala,Ernakulam,369694.0,109429,18484,358233,3282388.0,804997.0,179514,24954,791312,3282388.0
589,Kerala,Idukki,391610.0,172700,32503,347358,1108974.0,20823.0,4893,291,20677,1108974.0
590,Kerala,Kottayam,481967.0,168688,22170,462688,1974551.0,196194.0,51991,5101,192662,1974551.0
591,Kerala,Alappuzha,331419.0,99094,25519,301259,2127789.0,392117.0,104695,25487,371334,2127789.0
592,Kerala,Pathanamthitta,414992.0,125327,20334,388847,1197412.0,57848.0,13709,1619,55534,1197412.0
593,Kerala,Kollam,523715.0,156590,39278,487054,2635375.0,401415.0,97945,22077,386964,2635375.0
594,Kerala,Thiruvananthapuram,559293.0,191278,57047,513990,3301427.0,609824.0,157944,37199,587260,3301427.0
595,Tamil Nadu,Thiruvallur,387237.0,125464,12778,109588,3728104.0,732196.0,132527,7321,650190,3728104.0
596,Tamil Nadu,Kancheepuram,438799.0,139099,10092,128568,3998252.0,774705.0,136348,6197,663147,3998252.0
597,Tamil Nadu,Vellore,653499.0,181672,15030,125471,3936331.0,486801.0,102228,7302,346602,3936331.0
598,Tamil Nadu,Tiruvannamalai,563102.0,163299,12951,70387,2464875.0,147061.0,27500,1911,95736,2464875.0
599,Tamil Nadu,Viluppuram,808042.0,290895,16160,106661,3458873.0,159272.0,37906,2389,104482,3458873.0
600,Tamil Nadu,Salem,572813.0,184445,13174,83630,3482056.0,597539.0,145799,7768,328048,3482056.0
601,Tamil Nadu,Namakkal,370357.0,94070,6666,115551,1726601.0,257127.0,62481,3085,140391,1726601.0
602,Tamil Nadu,Erode,411286.0,117627,8225,138603,2251744.0,432398.0,102910,4756,275869,2251744.0
603,Tamil Nadu,The Nilgiris,112126.0,38795,2354,47429,735394.0,151979.0,55320,2887,89515,735394.0
604,Tamil Nadu,Dindigul,443818.0,139802,7988,83881,2159775.0,269724.0,69858,3776,154821,2159775.0
605,Tamil Nadu,Karur,212241.0,61549,4669,48815,1064493.0,152420.0,30636,1371,102273,1064493.0
606,Tamil Nadu,Tiruchirappalli,452707.0,134906,10864,108649,2722290.0,423020.0,90526,5076,313880,2722290.0
607,Tamil Nadu,Perambalur,155413.0,46934,3419,24244,565223.0,33179.0,5607,298,18314,565223.0
608,Tamil Nadu,Ariyalur,223955.0,84878,7614,31801,754894.0,30322.0,8399,606,15555,754894.0
609,Tamil Nadu,Cuddalore,497429.0,193499,11938,98988,2605914.0,260780.0,68845,3911,178895,2605914.0
610,Tamil Nadu,Nagapattinam,399016.0,178360,12768,124492,1616450.0,118724.0,36804,2849,82750,1616450.0
611,Tamil Nadu,Thiruvarur,321331.0,143956,13174,101219,1264277.0,86848.0,24230,1476,63225,1264277.0
612,Tamil Nadu,Thanjavur,479070.0,206479,21558,137972,2405890.0,274302.0,78724,5486,205177,2405890.0
613,Tamil Nadu,Pudukkottai,399712.0,157886,16787,70749,1618345.0,104229.0,26161,1667,72230,1618345.0
614,Tamil Nadu,Sivaganga,309224.0,98024,9276,73904,1339101.0,143193.0,31502,2004,112406,1339101.0
615,Tamil Nadu,Madurai,417718.0,134087,8772,86467,3038252.0,592723.0,102541,4741,502629,3038252.0
616,Tamil Nadu,Theni,189328.0,66643,3975,46953,1245899.0,221295.0,66167,2876,115073,1245899.0
617,Tamil Nadu,Virudhunagar,363782.0,98221,6184,53112,1942288.0,370942.0,71591,3338,173971,1942288.0
618,Tamil Nadu,Ramanathapuram,290478.0,99924,8714,65357,1353445.0,126761.0,31817,2028,89493,1353445.0
619,Tamil Nadu,Thoothukkudi,336078.0,112586,6721,94773,1750176.0,300661.0,69753,3908,219783,1750176.0
620,Tamil Nadu,Tirunelveli,547962.0,166032,8767,181923,3077233.0,516705.0,129692,5683,325007,3077233.0
621,Tamil Nadu,Kanniyakumari,104253.0,37114,2814,86634,1870374.0,493788.0,162950,14813,436508,1870374.0
622,Tamil Nadu,Dharmapuri,396819.0,131347,9920,42459,1506843.0,91107.0,20954,1457,53753,1506843.0
623,Tamil Nadu,Krishnagiri,437988.0,143222,9635,84093,1879809.0,142552.0,26087,855,111618,1879809.0
624,Tamil Nadu,Coimbatore,284795.0,78033,4556,94836,3458045.0,884957.0,213274,7079,689381,3458045.0
625,Tamil Nadu,Tiruppur,356886.0,98500,6067,110277,2479052.0,538022.0,126973,3766,403516,2479052.0
626,Puducherry,Puducherry,87296.0,27847,2269,31251,950289.0,203741.0,38710,2444,168086,950289.0
627,Puducherry,Karaikal,35618.0,13107,747,16954,200222.0,33715.0,7080,404,25083,200222.0
628,Andaman and Nicobar Islands,Nicobars,15958.0,3798,191,12910,36842.0,,,,,
629,Andaman and Nicobar Islands,North  And Middle Andaman,39091.0,17317,1055,18763,105597.0,1094.0,611,72,613,105597.0
630,Andaman and Nicobar Islands,South Andaman,34901.0,11691,1221,22580,238142.0,50631.0,10835,607,44454,238142.0
631,Delhi,New Delhi,,,,,,52664.0,15167,1948,41025,142004.0
632,Delhi,Central,,,,,,194897.0,76594,6236,176966,582320.0
633,West Bengal,Kolkata,,,,,,1308106.0,404204,35318,1241392,4496694.0
634,Maharashtra,Mumbai Suburban,,,,,,3078829.0,834362,43103,1684119,9356962.0
635,Maharashtra,Mumbai,,,,,,1107321.0,290118,16609,741905,3085411.0
636,Telangana,Hyderabad,,,,,,1066289.0,203661,9596,1050294,3943323.0
637,Tamil Nadu,Chennai,,,,,,1314125.0,228657,11827,1256303,4646732.0
638,Puducherry,Yanam,,,,,,15519.0,2389,108,12710,55626.0
639,Puducherry,Mahe,,,,,,12110.0,1913,133,11843,41816.0
